name,lat,lon,radius_m,precision_m,period,source,notes
Asarjana‐I,29.187639,74.636722,80,100,"EH, Hist","Pawar et al. 2013, Heritage 1:475-485, Table 2 (Hanumangarh village survey, GPS)",Hanumangarh / Nohar; 2 ha
Badbirana‐V,29.135000,74.903528,160,100,"EH, MH, Hist","Pawar et al. 2013, Heritage 1:475-485, Table 2 (Hanumangarh village survey, GPS)",Hanumangarh / Nohar; 8 ha
Badbirana‐VI,29.133194,74.913639,80,100,"EH, Hist","Pawar et al. 2013, Heritage 1:475-485, Table 2 (Hanumangarh village survey, GPS)",Hanumangarh / Nohar; 2 ha
Bannasar‐I,29.029056,74.180583,138,100,"EH, Hist","Pawar et al. 2013, Heritage 1:475-485, Table 2 (Hanumangarh village survey, GPS)",Hanumangarh / Rawatsar; 6 ha
Barwali‐I,29.257306,74.954889,56,100,"EH, Hist","Pawar et al. 2013, Heritage 1:475-485, Table 2 (Hanumangarh village survey, GPS)",Hanumangarh / Nohar; 1 ha
Bhagwansar‐II,29.043417,74.573333,160,100,"EH, Hist","Pawar et al. 2013, Heritage 1:475-485, Table 2 (Hanumangarh village survey, GPS)",Hanumangarh / Nohar; 8 ha
BhairoChhani‐II,29.169444,75.332361,113,100,"EH, Hist","Pawar et al. 2013, Heritage 1:475-485, Table 2 (Hanumangarh village survey, GPS)",Hanumangarh / Bhadra; 4 ha
Bhangarh‐I,28.919000,75.345194,98,100,"EH, Hist","Pawar et al. 2013, Heritage 1:475-485, Table 2 (Hanumangarh village survey, GPS)",Hanumangarh / Bhadra; 3 ha
Bhanguli‐I,28.970556,74.848611,80,100,"EH, Hist","Pawar et al. 2013, Heritage 1:475-485, Table 2 (Hanumangarh village survey, GPS)",Hanumangarh / Nohar; 2 ha
Bhinai‐I,28.970306,75.261194,98,100,"MH, Hist","Pawar et al. 2013, Heritage 1:475-485, Table 2 (Hanumangarh village survey, GPS)",Hanumangarh / Bhadra; 3 ha
Bhograna‐I,29.023722,74.875139,80,100,"EH, Hist","Pawar et al. 2013, Heritage 1:475-485, Table 2 (Hanumangarh village survey, GPS)",Hanumangarh / Nohar; 2 ha
Bhograna‐IV,29.058361,74.858500,80,100,"EH, Hist","Pawar et al. 2013, Heritage 1:475-485, Table 2 (Hanumangarh village survey, GPS)",Hanumangarh / Nohar; 2 ha
Birkali‐II,29.152500,74.575111,113,100,"EH, Hist","Pawar et al. 2013, Heritage 1:475-485, Table 2 (Hanumangarh village survey, GPS)",Hanumangarh / Nohar; 4 ha
Chainpura‐I,29.049972,74.675528,80,100,"EH, Hist","Pawar et al. 2013, Heritage 1:475-485, Table 2 (Hanumangarh village survey, GPS)",Hanumangarh / Nohar; 2 ha
ChakRajasar‐I,29.172444,74.754667,113,100,"EH, Hist","Pawar et al. 2013, Heritage 1:475-485, Table 2 (Hanumangarh village survey, GPS)",Hanumangarh / Nohar; 4 ha
Dabdi‐I,29.014556,75.424139,80,100,EH,"Pawar et al. 2013, Heritage 1:475-485, Table 2 (Hanumangarh village survey, GPS)",Hanumangarh / Bhadra; 2 ha
Dabli Chugta/Chakjhana,29.504472,74.169639,169,100,"EH, Hist","Pawar et al. 2013, Heritage 1:475-485, Table 2 (Hanumangarh village survey, GPS)",Hanumangarh / Hanumangarh; 9 ha
Dabliwas Chugta/Kamana,29.527528,74.169639,252,100,EH,"Pawar et al. 2013, Heritage 1:475-485, Table 2 (Hanumangarh village survey, GPS)",Hanumangarh / Hanumangarh; 20 ha
Dalpatpura‐II,29.086806,74.799056,98,100,EH,"Pawar et al. 2013, Heritage 1:475-485, Table 2 (Hanumangarh village survey, GPS)",Hanumangarh / Nohar; 3 ha
Daniasar‐II,29.959972,74.133972,126,3000,EH,"Pawar et al. 2013, Heritage 1:475-485, Table 2 (Hanumangarh village survey, GPS)",Hanumangarh / Rawatsar; 5 ha; position far from the other sites of its tehsil - probably a typo in the table; verify
Daniasar‐IV,28.966417,74.148972,138,100,"EH, Hist","Pawar et al. 2013, Heritage 1:475-485, Table 2 (Hanumangarh village survey, GPS)",Hanumangarh / Rawatsar; 6 ha
Dhaba‐III,29.885472,74.489250,98,100,"EH, Med","Pawar et al. 2013, Heritage 1:475-485, Table 2 (Hanumangarh village survey, GPS)",Hanumangarh / Sangria; 3 ha
Dhandhusar‐II,29.074306,74.175528,169,100,"EH, Hist","Pawar et al. 2013, Heritage 1:475-485, Table 2 (Hanumangarh village survey, GPS)",Hanumangarh / Rawatsar; 9 ha
Dobi‐II,29.061028,75.202917,98,100,"EH, MH, Hist","Pawar et al. 2013, Heritage 1:475-485, Table 2 (Hanumangarh village survey, GPS)",Hanumangarh / Bhadra; 3 ha
Dobi‐III,29.056333,75.220056,98,100,"EH, MH, Hist","Pawar et al. 2013, Heritage 1:475-485, Table 2 (Hanumangarh village survey, GPS)",Hanumangarh / Bhadra; 3 ha
Durjana‐III,29.025333,74.798278,98,100,"EH, Hist","Pawar et al. 2013, Heritage 1:475-485, Table 2 (Hanumangarh village survey, GPS)",Hanumangarh / Nohar; 3 ha
Gandheli‐V,29.225833,74.601861,126,100,"EH, Hist","Pawar et al. 2013, Heritage 1:475-485, Table 2 (Hanumangarh village survey, GPS)",Hanumangarh / Rawatsar; 5 ha
Hardaswali‐II,29.118083,74.288833,80,100,EH,"Pawar et al. 2013, Heritage 1:475-485, Table 2 (Hanumangarh village survey, GPS)",Hanumangarh / Rawatsar; 2 ha
Hirnawali,29.686167,74.247944,56,100,"EH, MH","Pawar et al. 2013, Heritage 1:475-485, Table 2 (Hanumangarh village survey, GPS)",Hanumangarh / Hanumangarh; 1 ha
Jattan,29.027056,75.026417,98,100,"EH, Hist, Med","Pawar et al. 2013, Heritage 1:475-485, Table 2 (Hanumangarh village survey, GPS)",Hanumangarh / Bhadra; 3 ha
Jhaloda‐III,28.970556,75.362306,80,100,"EH, Hist","Pawar et al. 2013, Heritage 1:475-485, Table 2 (Hanumangarh village survey, GPS)",Hanumangarh / Bhadra; 2 ha
Jhankharanwali,29.339389,74.186639,98,100,EH,"Pawar et al. 2013, Heritage 1:475-485, Table 2 (Hanumangarh village survey, GPS)",Hanumangarh / Pilibangan; 3 ha
Jhansal‐II,29.215472,75.391972,80,100,"EH, MH","Pawar et al. 2013, Heritage 1:475-485, Table 2 (Hanumangarh village survey, GPS)",Hanumangarh / Bhadra; 2 ha
Jhansal‐III,29.204111,75.401972,80,100,"EH, Hist","Pawar et al. 2013, Heritage 1:475-485, Table 2 (Hanumangarh village survey, GPS)",Hanumangarh / Bhadra; 2 ha
Jhansal‐VII,29.179472,75.375972,98,100,"EH, Hist","Pawar et al. 2013, Heritage 1:475-485, Table 2 (Hanumangarh village survey, GPS)",Hanumangarh / Bhadra; 3 ha
Kalibangan,29.474194,74.130778,100,100,"EH, MH","Pawar et al. 2013, Heritage 1:475-485, Table 2 (Hanumangarh village survey, GPS)",Hanumangarh / Pilibangan
Karanpura‐II,29.104806,75.096444,418,100,"EH, MH, LH, Hist","Pawar et al. 2013, Heritage 1:475-485, Table 2 (Hanumangarh village survey, GPS)",Hanumangarh / Bhadra; 55 ha
Karouti,29.162528,74.885139,378,100,"EH, MH, Hist, Med","Pawar et al. 2013, Heritage 1:475-485, Table 2 (Hanumangarh village survey, GPS)",Hanumangarh / Nohar; 45 ha
Kikarali,29.209083,74.648333,113,100,"EH, Hist","Pawar et al. 2013, Heritage 1:475-485, Table 2 (Hanumangarh village survey, GPS)",Hanumangarh / Nohar; 4 ha
Ladam‐I,28.861694,74.165944,126,100,EH,"Pawar et al. 2013, Heritage 1:475-485, Table 2 (Hanumangarh village survey, GPS)",Hanumangarh / Rawatsar; 5 ha
Lakhasar‐II,29.031472,74.711028,80,100,"EH, Hist","Pawar et al. 2013, Heritage 1:475-485, Table 2 (Hanumangarh village survey, GPS)",Hanumangarh / Nohar; 2 ha
Lakhuwali Ward‐2,29.475444,74.051139,113,100,"EH, Hist","Pawar et al. 2013, Heritage 1:475-485, Table 2 (Hanumangarh village survey, GPS)",Hanumangarh / Pilibangan; 4 ha
Lalana Bas Dikhanada,29.078556,74.879639,113,100,"EH, Hist","Pawar et al. 2013, Heritage 1:475-485, Table 2 (Hanumangarh village survey, GPS)",Hanumangarh / Nohar; 4 ha
Lalana Bas Uttarada‐II,29.127778,74.930389,80,100,"EH, Hist","Pawar et al. 2013, Heritage 1:475-485, Table 2 (Hanumangarh village survey, GPS)",Hanumangarh / Nohar; 2 ha
Lalana Bas Uttarada‐II,29.126750,74.924000,126,100,"EH, MH, Hist, Med","Pawar et al. 2013, Heritage 1:475-485, Table 2 (Hanumangarh village survey, GPS)",Hanumangarh / Nohar; 5 ha
Manuka,29.747167,74.231944,56,100,"EH, Hist","Pawar et al. 2013, Heritage 1:475-485, Table 2 (Hanumangarh village survey, GPS)",Hanumangarh / Hanumangarh; 1 ha
Moter‐II,29.054056,74.209667,113,100,"EH, Hist","Pawar et al. 2013, Heritage 1:475-485, Table 2 (Hanumangarh village survey, GPS)",Hanumangarh / Rawatsar; 4 ha
Mothsara‐I,29.002222,75.204222,113,100,"EH, Hist","Pawar et al. 2013, Heritage 1:475-485, Table 2 (Hanumangarh village survey, GPS)",Hanumangarh / Bhadra; 4 ha
Munsari‐I,29.110694,75.037861,98,100,EH,"Pawar et al. 2013, Heritage 1:475-485, Table 2 (Hanumangarh village survey, GPS)",Hanumangarh / Bhadra; 3 ha
Munsari‐II,29.106556,75.043139,80,100,"EH, Hist","Pawar et al. 2013, Heritage 1:475-485, Table 2 (Hanumangarh village survey, GPS)",Hanumangarh / Bhadra; 2 ha
Nagrasari‐I,29.028639,74.764972,80,100,"EH, Hist","Pawar et al. 2013, Heritage 1:475-485, Table 2 (Hanumangarh village survey, GPS)",Hanumangarh / Nohar; 2 ha
Naival,29.573444,74.555111,219,100,"EH, MH, LH, PGW, Hist","Pawar et al. 2013, Heritage 1:475-485, Table 2 (Hanumangarh village survey, GPS)",Hanumangarh / Tibbi; 15 ha
Nanau‐II,29.086417,74.530222,178,100,"EH, Hist","Pawar et al. 2013, Heritage 1:475-485, Table 2 (Hanumangarh village survey, GPS)",Hanumangarh / Nohar; 10 ha
Nohar,29.246889,74.839750,100,100,"EH, MH, Hist","Pawar et al. 2013, Heritage 1:475-485, Table 2 (Hanumangarh village survey, GPS)",Hanumangarh / Nohar
Nyangal‐IV,29.134667,75.215944,80,100,"EH, Hist","Pawar et al. 2013, Heritage 1:475-485, Table 2 (Hanumangarh village survey, GPS)",Hanumangarh / Bhadra; 2 ha
Nyolakhi‐III,29.103444,74.481944,138,100,"EH, Hist","Pawar et al. 2013, Heritage 1:475-485, Table 2 (Hanumangarh village survey, GPS)",Hanumangarh / Rawatsar; 6 ha
Pilibangan Mandi,29.497833,74.085222,100,100,"MH, LH, Hist","Pawar et al. 2013, Heritage 1:475-485, Table 2 (Hanumangarh village survey, GPS)",Hanumangarh / Pilibangan
Pohadka‐II,29.115278,74.379972,113,100,"EH, Hist","Pawar et al. 2013, Heritage 1:475-485, Table 2 (Hanumangarh village survey, GPS)",Hanumangarh / Rawatsar; 4 ha
Pohadka‐III,29.127250,74.378889,113,100,"EH, Hist","Pawar et al. 2013, Heritage 1:475-485, Table 2 (Hanumangarh village survey, GPS)",Hanumangarh / Rawatsar; 4 ha
Ramsaranarayan‐I,29.555917,74.293028,169,100,"LH, PGW, Hist","Pawar et al. 2013, Heritage 1:475-485, Table 2 (Hanumangarh village survey, GPS)",Hanumangarh / Hanumangarh; 9 ha
Ranisar‐II,28.963167,74.619417,80,100,"EH, Hist","Pawar et al. 2013, Heritage 1:475-485, Table 2 (Hanumangarh village survey, GPS)",Hanumangarh / Nohar; 2 ha
Raslana‐II,29.040972,75.042639,80,100,"EH, Hist","Pawar et al. 2013, Heritage 1:475-485, Table 2 (Hanumangarh village survey, GPS)",Hanumangarh / Bhadra; 2 ha
Rawatsar Kasba,29.268389,74.432917,195,100,"EH, Hist","Pawar et al. 2013, Heritage 1:475-485, Table 2 (Hanumangarh village survey, GPS)",Hanumangarh / Rawatsar; 12 ha
SalemgarhMasani,29.565333,74.461667,309,100,"EH, Hist","Pawar et al. 2013, Heritage 1:475-485, Table 2 (Hanumangarh village survey, GPS)",Hanumangarh / Tibbi; 30 ha
Saliwala,29.742278,74.503194,149,100,"EH, MH","Pawar et al. 2013, Heritage 1:475-485, Table 2 (Hanumangarh village survey, GPS)",Hanumangarh / Tibbi; 7 ha
Sangthia‐III,28.985139,74.668139,80,100,"EH, Hist","Pawar et al. 2013, Heritage 1:475-485, Table 2 (Hanumangarh village survey, GPS)",Hanumangarh / Nohar; 2 ha
Shah Pini,29.833556,74.313278,178,100,"EH, Hist","Pawar et al. 2013, Heritage 1:475-485, Table 2 (Hanumangarh village survey, GPS)",Hanumangarh / Sangria; 10 ha
Sherpura‐II,29.154917,75.246750,80,100,EH,"Pawar et al. 2013, Heritage 1:475-485, Table 2 (Hanumangarh village survey, GPS)",Hanumangarh / Bhadra; 2 ha
Sherpura‐III,29.169250,75.242806,113,100,"EH, Hist","Pawar et al. 2013, Heritage 1:475-485, Table 2 (Hanumangarh village survey, GPS)",Hanumangarh / Bhadra; 4 ha
Sirasar‐IV,28.965583,74.131583,98,100,"EH, Hist","Pawar et al. 2013, Heritage 1:475-485, Table 2 (Hanumangarh village survey, GPS)",Hanumangarh / Rawatsar; 3 ha
Soti Badi‐VI,29.192500,74.837722,113,100,"EH, MH, Hist","Pawar et al. 2013, Heritage 1:475-485, Table 2 (Hanumangarh village survey, GPS)",Hanumangarh / Nohar; 4 ha
Surewala‐I,29.586806,74.533111,203,100,"EH, PGW, Hist","Pawar et al. 2013, Heritage 1:475-485, Table 2 (Hanumangarh village survey, GPS)",Hanumangarh / Tibbi; 13 ha
Surewala‐II,29.575194,74.516417,252,100,"EH, PGW, Hist","Pawar et al. 2013, Heritage 1:475-485, Table 2 (Hanumangarh village survey, GPS)",Hanumangarh / Tibbi; 20 ha
Ummewala,29.700833,74.017972,113,100,"EH, MH","Pawar et al. 2013, Heritage 1:475-485, Table 2 (Hanumangarh village survey, GPS)",Hanumangarh / Pilibangan; 4 ha
Amarpura‐1,29.375972,73.975361,56,100,Hist,"Samunder & Dangi 2014, Heritage 2:783-801, Table 1 (Suratgarh tehsil survey, GPS)",Sri Ganganagar / Suratgarh; 1 ha; first recorded by this survey
Amarpura‐2,29.391000,73.985028,69,100,Hist,"Samunder & Dangi 2014, Heritage 2:783-801, Table 1 (Suratgarh tehsil survey, GPS)",Sri Ganganagar / Suratgarh; 1.5 ha; first recorded by this survey
Amarpura‐3,29.388806,74.004833,56,100,Hist,"Samunder & Dangi 2014, Heritage 2:783-801, Table 1 (Suratgarh tehsil survey, GPS)",Sri Ganganagar / Suratgarh; 1 ha; first recorded by this survey
Bachrara,29.030472,73.931194,98,100,Hist,"Samunder & Dangi 2014, Heritage 2:783-801, Table 1 (Suratgarh tehsil survey, GPS)",Sri Ganganagar / Suratgarh; 3 ha; first recorded by this survey
Bhajewala,29.258167,74.049556,98,100,Hist,"Samunder & Dangi 2014, Heritage 2:783-801, Table 1 (Suratgarh tehsil survey, GPS)",Sri Ganganagar / Suratgarh; 3 ha; first recorded by this survey
Bhajushar,29.081306,73.980500,98,100,Hist,"Samunder & Dangi 2014, Heritage 2:783-801, Table 1 (Suratgarh tehsil survey, GPS)",Sri Ganganagar / Suratgarh; 3 ha; first recorded by this survey
Bhopalshar (3 BPM),29.067139,73.540333,98,100,Hist,"Samunder & Dangi 2014, Heritage 2:783-801, Table 1 (Suratgarh tehsil survey, GPS)",Sri Ganganagar / Suratgarh; 3 ha; first recorded by this survey
Birmana‐1 (Chak 3 BMN),29.183861,73.713667,80,100,Hist,"Samunder & Dangi 2014, Heritage 2:783-801, Table 1 (Suratgarh tehsil survey, GPS)",Sri Ganganagar / Suratgarh; 2 ha; first recorded by this survey
Birmana‐2 (Chak 1 BMN),29.145639,73.761806,98,100,"Hist, Med","Samunder & Dangi 2014, Heritage 2:783-801, Table 1 (Suratgarh tehsil survey, GPS)",Sri Ganganagar / Suratgarh; 3 ha; first recorded by this survey
Birmana‐3 (Chak 2 BMN),29.109028,73.767778,80,100,Hist,"Samunder & Dangi 2014, Heritage 2:783-801, Table 1 (Suratgarh tehsil survey, GPS)",Sri Ganganagar / Suratgarh; 2 ha; first recorded by this survey
Birthwala‐1,29.117278,73.915111,98,100,"PGW, Hist","Samunder & Dangi 2014, Heritage 2:783-801, Table 1 (Suratgarh tehsil survey, GPS)",Sri Ganganagar / Suratgarh; 3 ha
Birthwala‐2,29.132611,73.910167,80,100,HW,"Samunder & Dangi 2014, Heritage 2:783-801, Table 1 (Suratgarh tehsil survey, GPS)",Sri Ganganagar / Suratgarh; 2 ha; first recorded by this survey
Chadshar,29.111722,74.101472,80,100,"LH, Hist","Samunder & Dangi 2014, Heritage 2:783-801, Table 1 (Suratgarh tehsil survey, GPS)",Sri Ganganagar / Suratgarh; 2 ha
Chak 2 GDSM‐1,29.108750,73.561306,56,100,"EH, Hist","Samunder & Dangi 2014, Heritage 2:783-801, Table 1 (Suratgarh tehsil survey, GPS)",Sri Ganganagar / Suratgarh; 1 ha; first recorded by this survey
Chak 2 GDSM‐2,29.106889,73.552639,80,100,"Hakra, EH, Hist","Samunder & Dangi 2014, Heritage 2:783-801, Table 1 (Suratgarh tehsil survey, GPS)",Sri Ganganagar / Suratgarh; 2 ha
Chak 22 LGW,29.527528,73.875500,80,100,"PGW, Hist","Samunder & Dangi 2014, Heritage 2:783-801, Table 1 (Suratgarh tehsil survey, GPS)",Sri Ganganagar / Suratgarh; 2 ha; first recorded by this survey
Chak 26 LGW,29.489861,73.819944,80,100,Hist,"Samunder & Dangi 2014, Heritage 2:783-801, Table 1 (Suratgarh tehsil survey, GPS)",Sri Ganganagar / Suratgarh; 2 ha; first recorded by this survey
Chak 32 PBN,29.355639,73.862583,98,100,"PGW, Hist","Samunder & Dangi 2014, Heritage 2:783-801, Table 1 (Suratgarh tehsil survey, GPS)",Sri Ganganagar / Suratgarh; 3 ha; first recorded by this survey
Chak 335 RD,29.095667,73.631194,80,100,"Hist, Med","Samunder & Dangi 2014, Heritage 2:783-801, Table 1 (Suratgarh tehsil survey, GPS)",Sri Ganganagar / Suratgarh; 2 ha; first recorded by this survey
Chak 34 PBN,29.343083,73.842361,98,100,Hist,"Samunder & Dangi 2014, Heritage 2:783-801, Table 1 (Suratgarh tehsil survey, GPS)",Sri Ganganagar / Suratgarh; 3 ha; first recorded by this survey
Chak 35PBN,29.345139,73.883361,40,100,"LH, Hist","Samunder & Dangi 2014, Heritage 2:783-801, Table 1 (Suratgarh tehsil survey, GPS)",Sri Ganganagar / Suratgarh; 0.5 ha; first recorded by this survey
Chak 43 PBN,29.340278,73.775389,80,100,"PGW, Hist","Samunder & Dangi 2014, Heritage 2:783-801, Table 1 (Suratgarh tehsil survey, GPS)",Sri Ganganagar / Suratgarh; 2 ha; first recorded by this survey
Chak 46 PBN,29.341556,73.751417,98,100,Hist,"Samunder & Dangi 2014, Heritage 2:783-801, Table 1 (Suratgarh tehsil survey, GPS)",Sri Ganganagar / Suratgarh; 3 ha; first recorded by this survey
Chak 47 PBN,29.350833,73.734333,80,100,"PGW, BRW, Hist","Samunder & Dangi 2014, Heritage 2:783-801, Table 1 (Suratgarh tehsil survey, GPS)",Sri Ganganagar / Suratgarh; 2 ha; first recorded by this survey
Chak 5 SGM,29.355972,73.829444,98,100,Hist,"Samunder & Dangi 2014, Heritage 2:783-801, Table 1 (Suratgarh tehsil survey, GPS)",Sri Ganganagar / Suratgarh; 3 ha; first recorded by this survey
Chak 52 PBN,29.329417,73.690389,98,100,"PGW, Hist","Samunder & Dangi 2014, Heritage 2:783-801, Table 1 (Suratgarh tehsil survey, GPS)",Sri Ganganagar / Suratgarh; 3 ha; first recorded by this survey
Chak 6 SGM,29.373667,73.819750,80,100,Hist,"Samunder & Dangi 2014, Heritage 2:783-801, Table 1 (Suratgarh tehsil survey, GPS)",Sri Ganganagar / Suratgarh; 2 ha; first recorded by this survey
Chak 7 SGM,29.360778,73.813694,80,100,"Hakra, EH, MH, Hist","Samunder & Dangi 2014, Heritage 2:783-801, Table 1 (Suratgarh tehsil survey, GPS)",Sri Ganganagar / Suratgarh; 2 ha
Chak R‐29,29.364333,73.901889,98,100,"PGW, Hist","Samunder & Dangi 2014, Heritage 2:783-801, Table 1 (Suratgarh tehsil survey, GPS)",Sri Ganganagar / Suratgarh; 3 ha; first recorded by this survey
Chak R‐37,29.382278,73.981972,98,100,"PGW, Hist","Samunder & Dangi 2014, Heritage 2:783-801, Table 1 (Suratgarh tehsil survey, GPS)",Sri Ganganagar / Suratgarh; 3 ha; first recorded by this survey
Chak RPM‐1,29.381889,73.932944,80,100,Hist,"Samunder & Dangi 2014, Heritage 2:783-801, Table 1 (Suratgarh tehsil survey, GPS)",Sri Ganganagar / Suratgarh; 2 ha; first recorded by this survey
Chak RPM‐3,29.360028,73.923361,98,100,Hist,"Samunder & Dangi 2014, Heritage 2:783-801, Table 1 (Suratgarh tehsil survey, GPS)",Sri Ganganagar / Suratgarh; 3 ha; first recorded by this survey
Chak‐37,29.331694,73.886278,98,100,"PGW, Hist","Samunder & Dangi 2014, Heritage 2:783-801, Table 1 (Suratgarh tehsil survey, GPS)",Sri Ganganagar / Suratgarh; 3 ha; first recorded by this survey
Deispura,29.041722,73.965000,100,100,Hist,"Samunder & Dangi 2014, Heritage 2:783-801, Table 1 (Suratgarh tehsil survey, GPS)",Sri Ganganagar / Suratgarh; first recorded by this survey
Faridshar,29.134056,73.997361,100,100,Hist,"Samunder & Dangi 2014, Heritage 2:783-801, Table 1 (Suratgarh tehsil survey, GPS)",Sri Ganganagar / Suratgarh; first recorded by this survey
Gopalshara‐1,29.058111,73.659639,80,100,"PGW, Hist","Samunder & Dangi 2014, Heritage 2:783-801, Table 1 (Suratgarh tehsil survey, GPS)",Sri Ganganagar / Suratgarh; 2 ha; first recorded by this survey
Gopalshara‐2,29.057389,73.649111,80,100,"Hist, Med","Samunder & Dangi 2014, Heritage 2:783-801, Table 1 (Suratgarh tehsil survey, GPS)",Sri Ganganagar / Suratgarh; 2 ha; first recorded by this survey
Govindshar,29.071889,73.544778,80,100,"Hist, Med","Samunder & Dangi 2014, Heritage 2:783-801, Table 1 (Suratgarh tehsil survey, GPS)",Sri Ganganagar / Suratgarh; 2 ha; first recorded by this survey
Gudli (4 BKSM),29.157444,73.552583,80,100,"LH, Hist","Samunder & Dangi 2014, Heritage 2:783-801, Table 1 (Suratgarh tehsil survey, GPS)",Sri Ganganagar / Suratgarh; 2 ha; first recorded by this survey
Gushaishar,29.093306,74.127917,98,100,Hist,"Samunder & Dangi 2014, Heritage 2:783-801, Table 1 (Suratgarh tehsil survey, GPS)",Sri Ganganagar / Suratgarh; 3 ha; first recorded by this survey
Haridaswali (Chak1 BPM),29.201250,73.702556,56,100,Hist,"Samunder & Dangi 2014, Heritage 2:783-801, Table 1 (Suratgarh tehsil survey, GPS)",Sri Ganganagar / Suratgarh; 1 ha; first recorded by this survey
Harisinghpura,29.124528,73.785611,80,100,Hist,"Samunder & Dangi 2014, Heritage 2:783-801, Table 1 (Suratgarh tehsil survey, GPS)",Sri Ganganagar / Suratgarh; 2 ha; first recorded by this survey
Indrashar‐1 (Chak2 DGM),29.062667,73.569167,80,100,"Hist, Med","Samunder & Dangi 2014, Heritage 2:783-801, Table 1 (Suratgarh tehsil survey, GPS)",Sri Ganganagar / Suratgarh; 2 ha; first recorded by this survey
Indrashar‐2 (Chak1 DO),29.054639,73.590000,98,100,Hist,"Samunder & Dangi 2014, Heritage 2:783-801, Table 1 (Suratgarh tehsil survey, GPS)",Sri Ganganagar / Suratgarh; 3 ha; first recorded by this survey
Kalushar,29.210500,74.141750,100,100,Hist,"Samunder & Dangi 2014, Heritage 2:783-801, Table 1 (Suratgarh tehsil survey, GPS)",Sri Ganganagar / Suratgarh; first recorded by this survey
Kannohar‐1,29.248528,74.122028,126,100,Hist,"Samunder & Dangi 2014, Heritage 2:783-801, Table 1 (Suratgarh tehsil survey, GPS)",Sri Ganganagar / Suratgarh; 5 ha; first recorded by this survey
Kannohar‐2,29.233889,74.125222,100,100,Hist,"Samunder & Dangi 2014, Heritage 2:783-801, Table 1 (Suratgarh tehsil survey, GPS)",Sri Ganganagar / Suratgarh; first recorded by this survey
Kasdu,29.091972,73.946083,100,100,Hist,"Samunder & Dangi 2014, Heritage 2:783-801, Table 1 (Suratgarh tehsil survey, GPS)",Sri Ganganagar / Suratgarh; first recorded by this survey
Ladana,29.204083,73.839861,69,100,"Hakra, Hist","Samunder & Dangi 2014, Heritage 2:783-801, Table 1 (Suratgarh tehsil survey, GPS)",Sri Ganganagar / Suratgarh; 1.5 ha
Ladder,29.014194,74.001083,98,100,Hist,"Samunder & Dangi 2014, Heritage 2:783-801, Table 1 (Suratgarh tehsil survey, GPS)",Sri Ganganagar / Suratgarh; 3 ha; first recorded by this survey
Lalgadhiya‐1 (Chak 2 LGM),29.114944,73.714611,98,100,Hist,"Samunder & Dangi 2014, Heritage 2:783-801, Table 1 (Suratgarh tehsil survey, GPS)",Sri Ganganagar / Suratgarh; 3 ha; first recorded by this survey
Lalgadhiya‐2,29.092583,73.733167,98,100,Hist,"Samunder & Dangi 2014, Heritage 2:783-801, Table 1 (Suratgarh tehsil survey, GPS)",Sri Ganganagar / Suratgarh; 3 ha; first recorded by this survey
Maler‐1,29.088611,73.785694,80,100,Hist,"Samunder & Dangi 2014, Heritage 2:783-801, Table 1 (Suratgarh tehsil survey, GPS)",Sri Ganganagar / Suratgarh; 2 ha; first recorded by this survey
Maler‐2,29.080056,73.783611,98,100,Hist,"Samunder & Dangi 2014, Heritage 2:783-801, Table 1 (Suratgarh tehsil survey, GPS)",Sri Ganganagar / Suratgarh; 3 ha; first recorded by this survey
Manak Thedi‐1,29.368278,74.023861,56,100,Hist,"Samunder & Dangi 2014, Heritage 2:783-801, Table 1 (Suratgarh tehsil survey, GPS)",Sri Ganganagar / Suratgarh; 1 ha; first recorded by this survey
Manak Thedi‐2,29.368528,74.000556,56,100,Hist,"Samunder & Dangi 2014, Heritage 2:783-801, Table 1 (Suratgarh tehsil survey, GPS)",Sri Ganganagar / Suratgarh; 1 ha; first recorded by this survey
Nirwana (Chak3 NRDB),29.476083,73.759167,80,100,Hist,"Samunder & Dangi 2014, Heritage 2:783-801, Table 1 (Suratgarh tehsil survey, GPS)",Sri Ganganagar / Suratgarh; 2 ha; first recorded by this survey
Prempura,29.450194,73.924111,89,100,Hist,"Samunder & Dangi 2014, Heritage 2:783-801, Table 1 (Suratgarh tehsil survey, GPS)",Sri Ganganagar / Suratgarh; 2.5 ha; first recorded by this survey
Raghunathpura‐1,29.215556,73.635889,80,100,Hist,"Samunder & Dangi 2014, Heritage 2:783-801, Table 1 (Suratgarh tehsil survey, GPS)",Sri Ganganagar / Suratgarh; 2 ha; first recorded by this survey
Raghunathpura‐2 (Chak 1 BPSM),29.218861,73.603833,80,100,Hist,"Samunder & Dangi 2014, Heritage 2:783-801, Table 1 (Suratgarh tehsil survey, GPS)",Sri Ganganagar / Suratgarh; 2 ha; first recorded by this survey
Rameshra (Chak 20 STB),29.461806,73.852611,56,100,Hist,"Samunder & Dangi 2014, Heritage 2:783-801, Table 1 (Suratgarh tehsil survey, GPS)",Sri Ganganagar / Suratgarh; 1 ha; first recorded by this survey
Rampura‐2,29.419667,73.990528,113,100,"PGW, Hist","Samunder & Dangi 2014, Heritage 2:783-801, Table 1 (Suratgarh tehsil survey, GPS)",Sri Ganganagar / Suratgarh; 4 ha; first recorded by this survey
Rampura‐3,29.420056,74.000500,56,100,Hist,"Samunder & Dangi 2014, Heritage 2:783-801, Table 1 (Suratgarh tehsil survey, GPS)",Sri Ganganagar / Suratgarh; 1 ha; first recorded by this survey
Rangmahel,29.343500,73.956028,113,100,Hist,"Samunder & Dangi 2014, Heritage 2:783-801, Table 1 (Suratgarh tehsil survey, GPS)",Sri Ganganagar / Suratgarh; 4 ha; first recorded by this survey
Rayanwali,29.176444,73.952778,80,100,Hist,"Samunder & Dangi 2014, Heritage 2:783-801, Table 1 (Suratgarh tehsil survey, GPS)",Sri Ganganagar / Suratgarh; 2 ha; first recorded by this survey
Raziyashar Station,29.060750,73.851417,80,100,Hist,"Samunder & Dangi 2014, Heritage 2:783-801, Table 1 (Suratgarh tehsil survey, GPS)",Sri Ganganagar / Suratgarh; 2 ha; first recorded by this survey
Sangeet (4 APM),29.217361,73.776028,98,100,Hist,"Samunder & Dangi 2014, Heritage 2:783-801, Table 1 (Suratgarh tehsil survey, GPS)",Sri Ganganagar / Suratgarh; 3 ha; first recorded by this survey
Sanwarsar,29.049667,74.072333,98,100,Hist,"Samunder & Dangi 2014, Heritage 2:783-801, Table 1 (Suratgarh tehsil survey, GPS)",Sri Ganganagar / Suratgarh; 3 ha; first recorded by this survey
Sardargarh,29.374222,73.741972,113,100,Hist,"Samunder & Dangi 2014, Heritage 2:783-801, Table 1 (Suratgarh tehsil survey, GPS)",Sri Ganganagar / Suratgarh; 4 ha; first recorded by this survey
SardarpuraBikka,29.509694,73.843056,56,100,Hist,"Samunder & Dangi 2014, Heritage 2:783-801, Table 1 (Suratgarh tehsil survey, GPS)",Sri Ganganagar / Suratgarh; 1 ha; first recorded by this survey
Shivnathpura‐1,29.034000,73.705694,113,100,"EH, Hist","Samunder & Dangi 2014, Heritage 2:783-801, Table 1 (Suratgarh tehsil survey, GPS)",Sri Ganganagar / Suratgarh; 4 ha; first recorded by this survey
Shivnathpura‐2,29.012556,73.760722,80,100,Hist,"Samunder & Dangi 2014, Heritage 2:783-801, Table 1 (Suratgarh tehsil survey, GPS)",Sri Ganganagar / Suratgarh; 2 ha; first recorded by this survey
"Surjanshar (Chak 11 GM, 2LM)",29.064056,73.472500,80,100,Hist,"Samunder & Dangi 2014, Heritage 2:783-801, Table 1 (Suratgarh tehsil survey, GPS)",Sri Ganganagar / Suratgarh; 2 ha; first recorded by this survey
Thakurwala,29.373472,74.068028,106,100,Hist,"Samunder & Dangi 2014, Heritage 2:783-801, Table 1 (Suratgarh tehsil survey, GPS)",Sri Ganganagar / Suratgarh; 3.5 ha; first recorded by this survey
Thethar,29.249944,74.144500,98,100,Hist,"Samunder & Dangi 2014, Heritage 2:783-801, Table 1 (Suratgarh tehsil survey, GPS)",Sri Ganganagar / Suratgarh; 3 ha; first recorded by this survey
Thukrana,29.151361,74.033917,160,100,Hist,"Samunder & Dangi 2014, Heritage 2:783-801, Table 1 (Suratgarh tehsil survey, GPS)",Sri Ganganagar / Suratgarh; 8 ha; first recorded by this survey
Udaypur Godaran‐1,29.129417,73.838778,98,100,Hist,"Samunder & Dangi 2014, Heritage 2:783-801, Table 1 (Suratgarh tehsil survey, GPS)",Sri Ganganagar / Suratgarh; 3 ha; first recorded by this survey
Udaypur Godaran‐2,29.167639,73.866306,98,100,Hist,"Samunder & Dangi 2014, Heritage 2:783-801, Table 1 (Suratgarh tehsil survey, GPS)",Sri Ganganagar / Suratgarh; 3 ha; first recorded by this survey
Udaypur Godaran‐3,29.163444,73.877444,98,100,Hist,"Samunder & Dangi 2014, Heritage 2:783-801, Table 1 (Suratgarh tehsil survey, GPS)",Sri Ganganagar / Suratgarh; 3 ha; first recorded by this survey
